id,nom_commun,genre,espece,sous_espece_cultivar,famille,ordre,categorie,port,couleur_feuillage,couleur_floraison,periode_floraison,description_feuillage,description_floraison,description_fruit,description,exposition,sol,userId,createdAt,updatedAt,ImagePlantes/0/id,ImagePlantes/0/userId,ImagePlantes/0/planteId,ImagePlantes/0/cible,ImagePlantes/0/lien,ImagePlantes/0/createdAt,ImagePlantes/0/updatedAt
2,Mimosa,Acacia,podalyriifolia,,Fabaceae,,arbre d'ornement,,,,,,,,,,,4ca1082a-513b-47be-a737-8e0d8089e750,,,20411a5e-c9f3-4bdd-9d3b-bf8bf7fb77a4,4ca1082a-513b-47be-a737-8e0d8089e750,2,feuille,imagePlante-1664211860369-737115254.jpg,2022-09-26T17:04:20.000Z,2022-09-26T17:04:20.000Z
1,Mimosa,Acacia,dealbata,Différentes variétés greffées ,Fabaceae,,arbre d'ornement,,,,,,,,,,,4ca1082a-513b-47be-a737-8e0d8089e750,,,,,,,,,
3,Mimosa Sainte Hélène ,Acacia,vestita,,Fabaceae,,arbre d'ornement,,,,,,,,,,,4ca1082a-513b-47be-a737-8e0d8089e750,,,,,,,,,
4,Erable champêtre,Acer ,campestris,,Aceraceae,,arbre d'ornement,,,,,,,,,,,4ca1082a-513b-47be-a737-8e0d8089e750,,,,,,,,,
5,Erable de Montpellier,Acer,monspessulanum,,Aceraceae,,arbre d'ornement,,,,,,,,,,,4ca1082a-513b-47be-a737-8e0d8089e750,,,,,,,,,
6,Erable à feuilles de frêne,Acer,negundo,,Aceraceae,,arbre d'ornement,,,,,,,,,,,4ca1082a-513b-47be-a737-8e0d8089e750,,,,,,,,,
7,Erable plane,Acer,platanoïdes,,Aceraceae,,arbre d'ornement,,,,,,,,,,,4ca1082a-513b-47be-a737-8e0d8089e750,,,,,,,,,
8,Erable sycomore,Acer,pseudoplatanus,,Aceraceae,,arbre d'ornement,,,,,,,,,,,4ca1082a-513b-47be-a737-8e0d8089e750,,,,,,,,,
9,Marronnier d’Inde,Aesculus,hippocastanum,,Hippocastanaceae,,arbre d'ornement,,,,,,,,,,,4ca1082a-513b-47be-a737-8e0d8089e750,,,,,,,,,
10,Marronnier d’Inde Rouge,Aesculus,Xcarnea ,‘Briotti ‘,Hippocastanaceae,,arbre d'ornement,,,,,,,,,,,4ca1082a-513b-47be-a737-8e0d8089e750,,,,,,,,,
11,Faux vernis du Japon,Ailanthus ,altissima,,Simarubaceae,,arbre d'ornement,,,,,,,,,,,4ca1082a-513b-47be-a737-8e0d8089e750,,,,,,,,,
12,Acacia de Constantinople,Albizzia,julibrissin,‘Ombrella’,Fabaceae,,arbre d'ornement,,,,,,,,,,,4ca1082a-513b-47be-a737-8e0d8089e750,,,,,,,,,
13,Aune ou Aulne glutineux,Alnus ,glutinosa,,Betulaceae,,arbre d'ornement,,,,,,,,,,,4ca1082a-513b-47be-a737-8e0d8089e750,,,,,,,,,
14,Bouleau,Betula ,verrucosa,,Betulaceae,,arbre d'ornement,,,,,,,,,,,4ca1082a-513b-47be-a737-8e0d8089e750,,,,,,,,,
15,Murier de Chine,Broussonetia,papyrifera,,Moraceae,,arbre d'ornement,,,,,,,,,,,4ca1082a-513b-47be-a737-8e0d8089e750,,,,,,,,,
16,Charme ,Carpinus ,betulus,,Carpinaceae,,arbre d'ornement,,,,,,,,,,,4ca1082a-513b-47be-a737-8e0d8089e750,,,,,,,,,
17,Châtaignier,Castanea,sativa,,Fagaceae,,arbre d'ornement,,,,,,,,,,,4ca1082a-513b-47be-a737-8e0d8089e750,,,,,,,,,
18,Arbre aux haricots,Catalpa,bignonioïdes,,Bignoniaceae,,arbre d'ornement,,,,,,,,,,,4ca1082a-513b-47be-a737-8e0d8089e750,,,,,,,,,
19,Micocoulier de Provence,Celtis,australis,,Ulmaceae,,arbre d'ornement,,,,,,,,,,,4ca1082a-513b-47be-a737-8e0d8089e750,,,,,,,,,
20,Micocoulier d ’ Occident,Celtis,occidentalis,,Ulmaceae,,arbre d'ornement,,,,,,,,,,,4ca1082a-513b-47be-a737-8e0d8089e750,,,,,,,,,
21,Néflier du Japon,Eriobotrya,japonica,,Rosaceae,,arbre d'ornement,,,,,,,,,,,4ca1082a-513b-47be-a737-8e0d8089e750,,,,,,,,,
22,Eucalyptus gunnii,Eucalyptus,gunnii,,Myrtaceae,,arbre d'ornement,,,,,,,,,,,4ca1082a-513b-47be-a737-8e0d8089e750,,,,,,,,,
23,Frêne commun,Fraxinus,excelsior,,Oleaceae,,arbre d'ornement,,,,,,,,,,,4ca1082a-513b-47be-a737-8e0d8089e750,,,,,,,,,
24,Frêne oxyphylle,Fraxinus,angustifolia,,Oleaceae,,arbre d'ornement,,,,,,,,,,,4ca1082a-513b-47be-a737-8e0d8089e750,,,,,,,,,
25,Frêne à fleurs,Fraxinus,ornus,,Oleaceae,,arbre d'ornement,,,,,,,,,,,4ca1082a-513b-47be-a737-8e0d8089e750,,,,,,,,,
26,Arbre aux quarante écus,Ginkgo,biloba,,Ginkgoaceae,,arbre d'ornement,,,,,,,,,,,4ca1082a-513b-47be-a737-8e0d8089e750,,,,,,,,,
27,Savonnier,Koelreuteria,paniculata,,Sapindaceae,,arbre d'ornement,,,,,,,,,,,4ca1082a-513b-47be-a737-8e0d8089e750,,,,,,,,,
28,Copalme d’Amérique,Liquidambar,styraciflua,,Hammamelidaceae,,arbre d'ornement,,,,,,,,,,,4ca1082a-513b-47be-a737-8e0d8089e750,,,,,,,,,
29,Tulipier de Virginie,Liriodendron,tulipifera,,Magnoliaceae,,arbre d'ornement,,,,,,,,,,,4ca1082a-513b-47be-a737-8e0d8089e750,,,,,,,,,
30,Magnolia à grandes fleurs,Magnolia,grandiflora,,Magnoliaceae,,arbre d'ornement,,,,,,,,,,,4ca1082a-513b-47be-a737-8e0d8089e750,,,,,,,,,
31,Magnolia de Soulange,Magnolia,Xsoulangeana,,Magnoliaceae,,arbre d'ornement,,,,,,,,,,,4ca1082a-513b-47be-a737-8e0d8089e750,,,,,,,,,
32,Mélia,Melia,azedarach,,Meliaceae,,arbre d'ornement,,,,,,,,,,,4ca1082a-513b-47be-a737-8e0d8089e750,,,,,,,,,
33,Murier platane,Morus,Xkagayamae,,Moraceae,,arbre d'ornement,,,,,,,,,,,4ca1082a-513b-47be-a737-8e0d8089e750,,,,,,,,,
34,Platane à feuilles d’Erable,Platanus,Xacerifolia,,Platanaceae,,arbre d'ornement,,,,,,,,,,,4ca1082a-513b-47be-a737-8e0d8089e750,,,,,,,,,
35,Paulownia,Paulownia,tomentosa,,Scrophulariaceae,,arbre d'ornement,,,,,,,,,,,4ca1082a-513b-47be-a737-8e0d8089e750,,,,,,,,,
36,Peuplier blanc,Populus,alba,,Salicaceae,,arbre d'ornement,,,,,,,,,,,4ca1082a-513b-47be-a737-8e0d8089e750,,,,,,,,,
37,Peuplier noir d’Italie,Populus,nigra,‘Italica’,Salicaceae,,arbre d'ornement,,,,,,,,,,,4ca1082a-513b-47be-a737-8e0d8089e750,,,,,,,,,
38,Poirier à fleurs,Pyrus,calleryana,‘Chanticleer’,Rosaceae,,arbre d'ornement,,,,,,,,,,,4ca1082a-513b-47be-a737-8e0d8089e750,,,,,,,,,
39,Prunier de Pissard,Prunus,cerasifera,‘Pissardii’,Rosaceae,,arbre d'ornement,,,,,,,,,,,4ca1082a-513b-47be-a737-8e0d8089e750,,,,,,,,,
40,Cerisier à fleurs,Prunus,serrulata,‘Kanzan’,Rosaceae,,arbre d'ornement,,,,,,,,,,,4ca1082a-513b-47be-a737-8e0d8089e750,,,,,,,,,
41,Chêne vert,Quercus,ilex,,Fagaceae,,arbre d'ornement,,,,,,,,,,,4ca1082a-513b-47be-a737-8e0d8089e750,,,,,,,,,
42,Chêne pubescent,Quercus,pubescens,,Fagaceae,,arbre d'ornement,,,,,,,,,,,4ca1082a-513b-47be-a737-8e0d8089e750,,,,,,,,,
43,Robinier faux acacia,Robinia,pseudoacacia,,Fabaceae,,arbre d'ornement,,,,,,,,,,,4ca1082a-513b-47be-a737-8e0d8089e750,,,,,,,,,
44,Saule pleureur,Salix,babylonica,,Salicaceae,,arbre d'ornement,,,,,,,,,,,4ca1082a-513b-47be-a737-8e0d8089e750,,,,,,,,,
45,Faux poivrier,Schinus,molle,,Anacardiaceae,,arbre d'ornement,,,,,,,,,,,4ca1082a-513b-47be-a737-8e0d8089e750,,,,,,,,,
46,Sophora du Japon,Sophora,japonica,,Fabaceae,,arbre d'ornement,,,,,,,,,,,4ca1082a-513b-47be-a737-8e0d8089e750,,,,,,,,,
47,Sorbier domestique,Sorbus,domestica,,Rosaceae,,arbre d'ornement,,,,,,,,,,,4ca1082a-513b-47be-a737-8e0d8089e750,,,,,,,,,
48,Tilleul argenté,Tilia,argentea,,Tiliaceae,,arbre d'ornement,,,,,,,,,,,4ca1082a-513b-47be-a737-8e0d8089e750,,,,,,,,,
49,Tilleul à petites feuilles,Tilia,cordata,,Tiliaceae,,arbre d'ornement,,,,,,,,,,,4ca1082a-513b-47be-a737-8e0d8089e750,,,,,,,,,
50,Tilleul de Hollande,Tilia ,X euchlora,,Tiliaceae,,arbre d'ornement,,,,,,,,,,,4ca1082a-513b-47be-a737-8e0d8089e750,,,,,,,,,
51,Tilleul à grandes feuilles,Tilia,platyplyllos,,Tiliaceae,,arbre d'ornement,,,,,,,,,,,4ca1082a-513b-47be-a737-8e0d8089e750,,,,,,,,,
52,Orme de Sibérie,Zelkova,crenata,,Ulmaceae,,arbre d'ornement,,,,,,,,,,,4ca1082a-513b-47be-a737-8e0d8089e750,,,,,,,,,
53,Désespoir des singes ,Araucaria ,araucana,,Araucariaceae,,conifere d'ornement,,,,,,,,,,,4ca1082a-513b-47be-a737-8e0d8089e750,,,,,,,,,
54,Cèdre de l’Atlas,Cedrus,atlantica,,Pinaceae,,conifere d'ornement,,,,,,,,,,,4ca1082a-513b-47be-a737-8e0d8089e750,,,,,,,,,
55,Cèdre du Liban ,Cedrus ,libanii,,Pinaceae,,conifere d'ornement,,,,,,,,,,,4ca1082a-513b-47be-a737-8e0d8089e750,,,,,,,,,
56,Cèdre de l’Himalaya,Cedrus ,deodara,,Pinaceae,,conifere d'ornement,,,,,,,,,,,4ca1082a-513b-47be-a737-8e0d8089e750,,,,,,,,,
57,Cryptomeria du Japon,Cryptomeria,japonica,,Taxodiaceae,,conifere d'ornement,,,,,,,,,,,4ca1082a-513b-47be-a737-8e0d8089e750,,,,,,,,,
58,Cyprès de Leyland,XCupresso-cyparis,leylandii,,Cupressaceae,,conifere d'ornement,,,,,,,,,,,4ca1082a-513b-47be-a737-8e0d8089e750,,,,,,,,,
59,Cyprès bleu de l’Arizona,Cupressus ,arizonica,‘Glauca’,Cupressaceae,,conifere d'ornement,,,,,,,,,,,4ca1082a-513b-47be-a737-8e0d8089e750,,,,,,,,,
60,Cyprès de Provence,Cupressus,sempervirens,,Cupressaceae,,conifere d'ornement,,,,,,,,,,,4ca1082a-513b-47be-a737-8e0d8089e750,,,,,,,,,
61,Cyprès d’Italie,Cupressus,sempervirens,‘Pyramidalis’,Cupressaceae,,conifere d'ornement,,,,,,,,,,,4ca1082a-513b-47be-a737-8e0d8089e750,,,,,,,,,
62,Genévrier de Pfitzer,Juniperus,Xmedia,‘Pfitzeriana’,Cupressaceae,,conifere d'ornement,,,,,,,,,,,4ca1082a-513b-47be-a737-8e0d8089e750,,,,,,,,,
63,Genévrier cade,Juniperus,oxycedrus,,Cupressaceae,,conifere d'ornement,,,,,,,,,,,4ca1082a-513b-47be-a737-8e0d8089e750,,,,,,,,,
64,Sapin de Noël,Picea ,abies,,Pinaceae,,conifere d'ornement,,,,,,,,,,,4ca1082a-513b-47be-a737-8e0d8089e750,,,,,,,,,
65,Sapin bleu du Colorado,Picea,pungens,‘Glauca’,Pinaceae,,conifere d'ornement,,,,,,,,,,,4ca1082a-513b-47be-a737-8e0d8089e750,,,,,,,,,
66,Pin de Calabre,Pinus ,brutia,,Pinaceae,,conifere d'ornement,,,,,,,,,,,4ca1082a-513b-47be-a737-8e0d8089e750,,,,,,,,,
67,Pin d’Alep,Pinus,halepensis,,Pinaceae,,conifere d'ornement,,,,,,,,,,,4ca1082a-513b-47be-a737-8e0d8089e750,,,,,,,,,
68,Pin noir d’Autriche,Pinus ,nigra,nigra,Pinaceae,,conifere d'ornement,,,,,,,,,,,4ca1082a-513b-47be-a737-8e0d8089e750,,,,,,,,,
69,Pin parasol,Pinus,pinea,,Pinaceae,,conifere d'ornement,,,,,,,,,,,4ca1082a-513b-47be-a737-8e0d8089e750,,,,,,,,,
70,Pin de l’Himalaya,Pinus,wallichiana,,Pinaceae,,conifere d'ornement,,,,,,,,,,,4ca1082a-513b-47be-a737-8e0d8089e750,,,,,,,,,
71,Séquoia à feuilles d’if,Sequoia ,sempervirens,,Taxodiaceae ,,conifere d'ornement,,,,,,,,,,,4ca1082a-513b-47be-a737-8e0d8089e750,,,,,,,,,
72,Séquoia géant,Sequoiadendron,giganteum,,Taxodiaceae,,conifere d'ornement,,,,,,,,,,,4ca1082a-513b-47be-a737-8e0d8089e750,,,,,,,,,
73,If,Taxus,baccata,,Taxaceae,,conifere d'ornement,,,,,,,,,,,4ca1082a-513b-47be-a737-8e0d8089e750,,,,,,,,,
74,Thuya pyramide doré,Thuja,orientalis,‘Pyramidalis aurea’,Cupressaceae,,conifere d'ornement,,,,,,,,,,,4ca1082a-513b-47be-a737-8e0d8089e750,,,,,,,,,
75,Thuya doré nain,Thuja,orientalis,‘Aurea Nana’,Cupressaceae,,conifere d'ornement,,,,,,,,,,,4ca1082a-513b-47be-a737-8e0d8089e750,,,,,,,,,
76,Thuya d’Occident,Thuja,occidentalis,‘Emeraude’,Cupressaceae,,conifere d'ornement,,,,,,,,,,,4ca1082a-513b-47be-a737-8e0d8089e750,,,,,,,,,
77,Thuya géant,Thuja,plicata ,‘Atrovirens’,Cupressaceae,,conifere d'ornement,,,,,,,,,,,4ca1082a-513b-47be-a737-8e0d8089e750,,,,,,,,,
78,Butia,Butia,capitata,,Arecaceae,,plante à feuillage exotique,,,,,,,,,,,4ca1082a-513b-47be-a737-8e0d8089e750,,,,,,,,,
79,Palmier nain,Chamaerops,humilis,,Arecaceae,,plante à feuillage exotique,,,,,,,,,,,4ca1082a-513b-47be-a737-8e0d8089e750,,,,,,,,,
80,Cordyline ou Dracaena,Cordyline,australis,,Agavaceae,,plante à feuillage exotique,,,,,,,,,,,4ca1082a-513b-47be-a737-8e0d8089e750,,,,,,,,,
81,Cycas,Cycas,revoluta,,Cycadaceae,,plante à feuillage exotique,,,,,,,,,,,4ca1082a-513b-47be-a737-8e0d8089e750,,,,,,,,,
82,Dasylire à feuilles glauques,Dasylirion ,glaucophyllum,,Agavaceae,,plante à feuillage exotique,,,,,,,,,,,4ca1082a-513b-47be-a737-8e0d8089e750,,,,,,,,,
83,Palmier bleu,Erythea,armata,,Arecaceae,,plante à feuillage exotique,,,,,,,,,,,4ca1082a-513b-47be-a737-8e0d8089e750,,,,,,,,,
84,Dattier des Canaries,Phoenix,canariensis,,Arecaceae,,plante à feuillage exotique,,,,,,,,,,,4ca1082a-513b-47be-a737-8e0d8089e750,,,,,,,,,
85,Lin de Nouvelle Zélande,Phormium,tenax,,Agavaceae,,plante à feuillage exotique,,,,,,,,,,,4ca1082a-513b-47be-a737-8e0d8089e750,,,,,,,,,
86,Palmier de Paris,Trachycarpus,fortunei,,Arecaceae,,plante à feuillage exotique,,,,,,,,,,,4ca1082a-513b-47be-a737-8e0d8089e750,,,,,,,,,
87,Washingtonia,Washingtonia,filifera,,Arecaceae,,plante à feuillage exotique,,,,,,,,,,,4ca1082a-513b-47be-a737-8e0d8089e750,,,,,,,,,
88,Yucca,Yucca,gloriosa,,Liliaceae,,plante à feuillage exotique,,,,,,,,,,,4ca1082a-513b-47be-a737-8e0d8089e750,,,,,,,,,
89,Yucca à pied d’éléphant ,Yucca,elephantipes,,Liliaceae,,plante à feuillage exotique,,,,,,,,,,,4ca1082a-513b-47be-a737-8e0d8089e750,,,,,,,,,
90,Abélia,Abelia,Xgrandiflora,,Caprifoliaceae,,arbuste d'ornement,,,,,,,,,,,4ca1082a-513b-47be-a737-8e0d8089e750,,,,,,,,,
91,Arbousier,Arbutus,unedo,,Ericaceae,,arbuste d'ornement,,,,,,,,,,,4ca1082a-513b-47be-a737-8e0d8089e750,,,,,,,,,
92,Arroche maritime,Atriplex,halimus,,Chenopodiaceae,,arbuste d'ornement,,,,,,,,,,,4ca1082a-513b-47be-a737-8e0d8089e750,,,,,,,,,
93,Aucuba,Aucuba,japonica,,Cornaceae,,arbuste d'ornement,,,,,,,,,,,4ca1082a-513b-47be-a737-8e0d8089e750,,,,,,,,,
94,Ballote ,Ballota,pseudodictamnus,,Lamiaceae,,arbuste d'ornement,,,,,,,,,,,4ca1082a-513b-47be-a737-8e0d8089e750,,,,,,,,,
95,Berberis pourpre,Berberis,thunbergii,‘Atropurpurea’,Berberidaceae,,arbuste d'ornement,,,,,,,,,,,4ca1082a-513b-47be-a737-8e0d8089e750,,,,,,,,,
96,Arbre aux papillons,Buddleja,davidii,,Loganiaceae,,arbuste d'ornement,,,,,,,,,,,4ca1082a-513b-47be-a737-8e0d8089e750,,,,,,,,,
97,Buis,Buxus,sempervirens,,Buxaceae,,arbuste d'ornement,,,,,,,,,,,4ca1082a-513b-47be-a737-8e0d8089e750,,,,,,,,,
98,Oiseau de Paradis,Caesalpinia,gilliesii,,Fabaceae,,arbuste d'ornement,,,,,,,,,,,4ca1082a-513b-47be-a737-8e0d8089e750,,,,,,,,,
99,Cognassier du Japon,Chaenomeles,japonica,,Rosaceae,,arbuste d'ornement,,,,,,,,,,,4ca1082a-513b-47be-a737-8e0d8089e750,,,,,,,,,
100,Rince-bouteille,Callistemon,laevis,,Myrtaceae,,arbuste d'ornement,,,,,,,,,,,4ca1082a-513b-47be-a737-8e0d8089e750,,,,,,,,,
101,Caryoptéris,Caryopteris,Xclandonensis,‘Heavenly Blue’,Verbenaceae,,arbuste d'ornement,,,,,,,,,,,4ca1082a-513b-47be-a737-8e0d8089e750,,,,,,,,,
102,Cassia,Cassia,corymbosa,,Fabaceae,,arbuste d'ornement,,,,,,,,,,,4ca1082a-513b-47be-a737-8e0d8089e750,,,,,,,,,
103,Céanothe arbustive,Ceanothus,arboreus,‘Trewithen Blue’,Rhamnaceae ,,arbuste d'ornement,,,,,,,,,,,4ca1082a-513b-47be-a737-8e0d8089e750,,,,,,,,,
104,Céanothe arbustive,Ceanothus,impressus,,Rhamnaceae,,arbuste d'ornement,,,,,,,,,,,4ca1082a-513b-47be-a737-8e0d8089e750,,,,,,,,,
105,Céanothe rampant,Ceanothus,thyrsiflorus,‘Repens’,Rhamnaceae,,arbuste d'ornement,,,,,,,,,,,4ca1082a-513b-47be-a737-8e0d8089e750,,,,,,,,,
106,Arbre de Judée,Cercis ,siliquastrum,,Fabaceae,,arbuste d'ornement,,,,,,,,,,,4ca1082a-513b-47be-a737-8e0d8089e750,,,,,,,,,
107,Oranger du Mexique,Choisya,ternata,,Rutaceae,,arbuste d'ornement,,,,,,,,,,,4ca1082a-513b-47be-a737-8e0d8089e750,,,,,,,,,
108,Oranger du Mexique,Choisya,,‘Aztec Pearl’,Rutaceae,,arbuste d'ornement,,,,,,,,,,,4ca1082a-513b-47be-a737-8e0d8089e750,,,,,,,,,
109,Ciste blanc,Cistus,albidus,,Cistaceae,,arbuste d'ornement,,,,,,,,,,,4ca1082a-513b-47be-a737-8e0d8089e750,,,,,,,,,
110,Ciste de Montpellier,Cistus,monspeliensis,,Cistaceae,,arbuste d'ornement,,,,,,,,,,,4ca1082a-513b-47be-a737-8e0d8089e750,,,,,,,,,
111,Ciste à feuilles de sauge,Cistus,salviifolius,,Cistaceae,,arbuste d'ornement,,,,,,,,,,,4ca1082a-513b-47be-a737-8e0d8089e750,,,,,,,,,
112,Cornouiller panaché,Cornus,alba,‘Variegata’,Cornaceae,,arbuste d'ornement,,,,,,,,,,,4ca1082a-513b-47be-a737-8e0d8089e750,,,,,,,,,
113,Coronille de Valence,Coronilla,valentina,,Fabaceae,,arbuste d'ornement,,,,,,,,,,,4ca1082a-513b-47be-a737-8e0d8089e750,,,,,,,,,
114,Noisetier pourpre,Corylus,maxima,‘Atropurpurea’,Betulaceae,,arbuste d'ornement,,,,,,,,,,,4ca1082a-513b-47be-a737-8e0d8089e750,,,,,,,,,
115,Arbre à perruques,Cotinus ,coggygria,,Anacardiaceae,,arbuste d'ornement,,,,,,,,,,,4ca1082a-513b-47be-a737-8e0d8089e750,,,,,,,,,
116,Arbre à perruques pourpre,Cotinus ,coggygria,‘Royal Purple’,Anacardiaceae,,arbuste d'ornement,,,,,,,,,,,4ca1082a-513b-47be-a737-8e0d8089e750,,,,,,,,,
117,Cotonéaster rampant,Cotoneaster,dammeri,‘Eichlolz’,Rosaceae,,arbuste d'ornement,,,,,,,,,,,4ca1082a-513b-47be-a737-8e0d8089e750,,,,,,,,,
118,Cotonéaster franchetti,Cotoneaster,franchetti,,Rosaceae,,arbuste d'ornement,,,,,,,,,,,4ca1082a-513b-47be-a737-8e0d8089e750,,,,,,,,,
119,Cotonéaster lacteus,Cotoneaster,lacteus,,Rosaceae,,arbuste d'ornement,,,,,,,,,,,4ca1082a-513b-47be-a737-8e0d8089e750,,,,,,,,,
120,Olivier de Bohême,Eleagnus ,angustifolia,,Eleagnaceae,,arbuste d'ornement,,,,,,,,,,,4ca1082a-513b-47be-a737-8e0d8089e750,,,,,,,,,
121,Chalef hybride,Eleagnus,Xebbingei,,Eleagnaceae,,arbuste d'ornement,,,,,,,,,,,4ca1082a-513b-47be-a737-8e0d8089e750,,,,,,,,,
122,Chalef panaché,Eleagnus,pungens,‘Maculata aurea’,Eleagnaceae,,arbuste d'ornement,,,,,,,,,,,4ca1082a-513b-47be-a737-8e0d8089e750,,,,,,,,,
123,Bruyère multiflore,Erica,multiflora,,Ericaceae,,arbuste d'ornement,,,,,,,,,,,4ca1082a-513b-47be-a737-8e0d8089e750,,,,,,,,,
124,Fusain du Japon,Euonymus,japonicus,,Celastraceae,,arbuste d'ornement,,,,,,,,,,,4ca1082a-513b-47be-a737-8e0d8089e750,,,,,,,,,
125,Fusain du Japon panaché jaune,Euonymus,japonicus,‘Aureo-marginatus’,Celastraceae,,arbuste d'ornement,,,,,,,,,,,4ca1082a-513b-47be-a737-8e0d8089e750,,,,,,,,,
126,Fusain du Japon panaché,Euonymus,japonicus,‘Président Gauthier’,Celastraceae,,arbuste d'ornement,,,,,,,,,,,4ca1082a-513b-47be-a737-8e0d8089e750,,,,,,,,,
127,Fusain nain,Euonymus,japonicus,‘Microphyllus Pulchellus’,Celastraceae,,arbuste d'ornement,,,,,,,,,,,4ca1082a-513b-47be-a737-8e0d8089e750,,,,,,,,,
128,Fusain rampant jaune,Euonymus,fortunei,‘Emerald’n Gold’,Celastraceae,,arbuste d'ornement,,,,,,,,,,,4ca1082a-513b-47be-a737-8e0d8089e750,,,,,,,,,
129,Fusain rampant blanc,Euonymus,fortunei,‘Emerald Gaiety’,Celastraceae,,arbuste d'ornement,,,,,,,,,,,4ca1082a-513b-47be-a737-8e0d8089e750,,,,,,,,,
130,Escallonia,Escallonia,macrantha,,Saxifragaceae,,arbuste d'ornement,,,,,,,,,,,4ca1082a-513b-47be-a737-8e0d8089e750,,,,,,,,,
131,Goyavier du Brésil,Feijoa ou Acca,sellowiana,,Myrtaceae,,arbuste d'ornement,,,,,,,,,,,4ca1082a-513b-47be-a737-8e0d8089e750,,,,,,,,,
132,Forsythia,Forsythia,Xintermedia,,Oleaceae,,arbuste d'ornement,,,,,,,,,,,4ca1082a-513b-47be-a737-8e0d8089e750,,,,,,,,,
133,Althéa,Hibiscus,syriacus,,Malvaceae,,arbuste d'ornement,,,,,,,,,,,4ca1082a-513b-47be-a737-8e0d8089e750,,,,,,,,,
134,Millepertuis arbustif,Hypericum,hookerianum,‘Hidcote’,Hypericaceae,,arbuste d'ornement,,,,,,,,,,,4ca1082a-513b-47be-a737-8e0d8089e750,,,,,,,,,
135,Houx,Ilex,aquifolium,,Aquifoliaceae,,arbuste d'ornement,,,,,,,,,,,4ca1082a-513b-47be-a737-8e0d8089e750,,,,,,,,,
136,Corête du Japon,Kerria,japonica,,Rosaceae,,arbuste d'ornement,,,,,,,,,,,4ca1082a-513b-47be-a737-8e0d8089e750,,,,,,,,,
137,Kolkwitzia,Kolkwitzia,amabilis,,Caprifoliaceae,,arbuste d'ornement,,,,,,,,,,,4ca1082a-513b-47be-a737-8e0d8089e750,,,,,,,,,
138,Lagerstroëmia,Lagerstroemia,indica,,Lythraceae,,arbuste d'ornement,,,,,,,,,,,4ca1082a-513b-47be-a737-8e0d8089e750,,,,,,,,,
139,Laurier sauce,Laurus,nobilis,,Lauraceae,,arbuste d'ornement,,,,,,,,,,,4ca1082a-513b-47be-a737-8e0d8089e750,,,,,,,,,
140,Lavande anglaise,Lavandula ,dentata,,Lamiaceae,,arbuste d'ornement,,,,,,,,,,,4ca1082a-513b-47be-a737-8e0d8089e750,,,,,,,,,
141,Troène du Japon,Ligustrum,japonicum,,Oleaceae,,arbuste d'ornement,,,,,,,,,,,4ca1082a-513b-47be-a737-8e0d8089e750,,,,,,,,,
142,Troène topiaire,Ligustrum,jonandrum,,Oleaceae,,arbuste d'ornement,,,,,,,,,,,4ca1082a-513b-47be-a737-8e0d8089e750,,,,,,,,,
143,Troène de Californie,Ligustrum,ovalifolium,,Oleaceae,,arbuste d'ornement,,,,,,,,,,,4ca1082a-513b-47be-a737-8e0d8089e750,,,,,,,,,
144,Chèvrefeuille arbustif,Lonicera,nitida,,Caprifoliaceae,,arbuste d'ornement,,,,,,,,,,,4ca1082a-513b-47be-a737-8e0d8089e750,,,,,,,,,
145,Chèvrefeuille étalé,Lonicera,pileata,,Caprifoliaceae,,arbuste d'ornement,,,,,,,,,,,4ca1082a-513b-47be-a737-8e0d8089e750,,,,,,,,,
146,Chèvrefeuille odorant,Lonicera,fragantissima,,Caprifoliaceae,,arbuste d'ornement,,,,,,,,,,,4ca1082a-513b-47be-a737-8e0d8089e750,,,,,,,,,
147,Mahonia,Mahonia,aquifolium,,Mahoniaceae,,arbuste d'ornement,,,,,,,,,,,4ca1082a-513b-47be-a737-8e0d8089e750,,,,,,,,,
148,Luzerne arborescente,Medicago,arborea,,Fabaceae,,arbuste d'ornement,,,,,,,,,,,4ca1082a-513b-47be-a737-8e0d8089e750,,,,,,,,,
149,Myrte commune,Myrtus,communis,,Myrtaceae,,arbuste d'ornement,,,,,,,,,,,4ca1082a-513b-47be-a737-8e0d8089e750,,,,,,,,,
150,Myrte tarentine,Myrtus ,communis,‘Tarentina’,Myrtaceae,,arbuste d'ornement,,,,,,,,,,,4ca1082a-513b-47be-a737-8e0d8089e750,,,,,,,,,
151,Laurier rose,Nerium,oleander,,Apocynaceae,,arbuste d'ornement,,,,,,,,,,,4ca1082a-513b-47be-a737-8e0d8089e750,,,,,,,,,
152,Bambou sacré,Nandina,domestica,,Berberidaceae,,arbuste d'ornement,,,,,,,,,,,4ca1082a-513b-47be-a737-8e0d8089e750,,,,,,,,,
153,Bambou sacré nain,Nandina,domestica,‘Fire Power’,Berberidaceae,,arbuste d'ornement,,,,,,,,,,,4ca1082a-513b-47be-a737-8e0d8089e750,,,,,,,,,
154,Perowskia,Perowskia,atriplicifolia,‘Blue Spire’,Lamiaceae,,arbuste d'ornement,,,,,,,,,,,4ca1082a-513b-47be-a737-8e0d8089e750,,,,,,,,,
155,Seringat des jardins,Philadelphus,coronarius,,Saxifragaceae,,arbuste d'ornement,,,,,,,,,,,4ca1082a-513b-47be-a737-8e0d8089e750,,,,,,,,,
156,Sauge de Jérusalem,Phlomis,fruticosa,,Lamiaceae,,arbuste d'ornement,,,,,,,,,,,4ca1082a-513b-47be-a737-8e0d8089e750,,,,,,,,,
157,Photinia,Photinia,Xfraserii,‘Red Robin’,Rosaceae,,arbuste d'ornement,,,,,,,,,,,4ca1082a-513b-47be-a737-8e0d8089e750,,,,,,,,,
158,Filaire à feuilles étroites,Phyllirea,angustifolia,,Oleaceae,,arbuste d'ornement,,,,,,,,,,,4ca1082a-513b-47be-a737-8e0d8089e750,,,,,,,,,
159,Pistachier lentisque,Pistacia,lentiscus,,Anacardiaceae,,arbuste d'ornement,,,,,,,,,,,4ca1082a-513b-47be-a737-8e0d8089e750,,,,,,,,,
160,Pittospore de Chine,Pittosporum,tobira,,Pittosporaceae,,arbuste d'ornement,,,,,,,,,,,4ca1082a-513b-47be-a737-8e0d8089e750,,,,,,,,,
161,Pittospore de Chine nain,Pittosporum ,tobira,‘Nana‘,Pittosporaceae,,arbuste d'ornement,,,,,,,,,,,4ca1082a-513b-47be-a737-8e0d8089e750,,,,,,,,,
162,Pittospore à petites feuilles,Pittosporum,tenuifolium,,Pittosporaceae,,arbuste d'ornement,,,,,,,,,,,4ca1082a-513b-47be-a737-8e0d8089e750,,,,,,,,,
163,Pittospore à petites feuilles panachées,Pittosporum,tenuifolium,‘Variegatum’,Pittosporaceae,,arbuste d'ornement,,,,,,,,,,,4ca1082a-513b-47be-a737-8e0d8089e750,,,,,,,,,
164,Pittospore à feuilles lancéolées ,Pittosporum,heterophyllum,,Pittosporaceae,,arbuste d'ornement,,,,,,,,,,,4ca1082a-513b-47be-a737-8e0d8089e750,,,,,,,,,
165,Laurier amande,Prunus,laurocerasus,,Rosaceae,,arbuste d'ornement,,,,,,,,,,,4ca1082a-513b-47be-a737-8e0d8089e750,,,,,,,,,
166,Amandier de Chine,Prunus,triloba,,Rosaceae,,arbuste d'ornement,,,,,,,,,,,4ca1082a-513b-47be-a737-8e0d8089e750,,,,,,,,,
167,Grenadier,Punica,granatum,,Punicaceae,,arbuste d'ornement,,,,,,,,,,,4ca1082a-513b-47be-a737-8e0d8089e750,,,,,,,,,
168,Buisson ardent,Pyracantha,coccinea,,Rosaceae,,arbuste d'ornement,,,,,,,,,,,4ca1082a-513b-47be-a737-8e0d8089e750,,,,,,,,,
169,Nerprun alaterne,Rhamnus,alaternus,,Rhamnaceae,,arbuste d'ornement,,,,,,,,,,,4ca1082a-513b-47be-a737-8e0d8089e750,,,,,,,,,
170,Sumac de Virginie,Rhus,typhina,,Anacardiaceae,,arbuste d'ornement,,,,,,,,,,,4ca1082a-513b-47be-a737-8e0d8089e750,,,,,,,,,
171,Rosier,Rosa,sp.,Nombreuses variétés,Rosaceae,,arbuste d'ornement,,,,,,,,,,,4ca1082a-513b-47be-a737-8e0d8089e750,,,,,,,,,
172,Rosier rugueux,Rosa,rugosa,,Rosaceae,,arbuste d'ornement,,,,,,,,,,,4ca1082a-513b-47be-a737-8e0d8089e750,,,,,,,,,
173,Sauge goutte de sang,Salvia,grahamii,,Lamiaceae,,arbuste d'ornement,,,,,,,,,,,4ca1082a-513b-47be-a737-8e0d8089e750,,,,,,,,,
174,Santoline grise,Santolina,chamaecyparissus,,Asteraceae,,arbuste d'ornement,,,,,,,,,,,4ca1082a-513b-47be-a737-8e0d8089e750,,,,,,,,,
175,Santoline verte,Santolina,lindavica,,Asteraceae,,arbuste d'ornement,,,,,,,,,,,4ca1082a-513b-47be-a737-8e0d8089e750,,,,,,,,,
176,Genêt d’Espagne,Spartium,junceum,,Fabaceae,,arbuste d'ornement,,,,,,,,,,,4ca1082a-513b-47be-a737-8e0d8089e750,,,,,,,,,
177,Spirée Anthony Waterer,Spiraea,Xbumalda,‘Anthony Waterer’,Rosaceae,,arbuste d'ornement,,,,,,,,,,,4ca1082a-513b-47be-a737-8e0d8089e750,,,,,,,,,
178,Spirée de Van Houtte,Spiraea,Xvanhoutteï,,Rosaceae,,arbuste d'ornement,,,,,,,,,,,4ca1082a-513b-47be-a737-8e0d8089e750,,,,,,,,,
179,Lilas commun,Syringa,vulgaris,,Oleaceae,,arbuste d'ornement,,,,,,,,,,,4ca1082a-513b-47be-a737-8e0d8089e750,,,,,,,,,
180,Tamaris,Tamarix,sp.,,Tamaricaceae,,arbuste d'ornement,,,,,,,,,,,4ca1082a-513b-47be-a737-8e0d8089e750,,,,,,,,,
181,Germandrée arbustive,Teucrium,fruticans,,Lamiaceae,,arbuste d'ornement,,,,,,,,,,,4ca1082a-513b-47be-a737-8e0d8089e750,,,,,,,,,
182,Viorne boule de neige,Viburnum,opulus,,Caprifoliaceae,,arbuste d'ornement,,,,,,,,,,,4ca1082a-513b-47be-a737-8e0d8089e750,,,,,,,,,
183,Laurier tin,Viburnum,tinus,,Caprifoliaceae,,arbuste d'ornement,,,,,,,,,,,4ca1082a-513b-47be-a737-8e0d8089e750,,,,,,,,,
184,Gattilier,Vitex,agnus-castus,,Verbenaceae,,arbuste d'ornement,,,,,,,,,,,4ca1082a-513b-47be-a737-8e0d8089e750,,,,,,,,,
185,Weigela,Weigela,hybride,,Caprifoliaceae,,arbuste d'ornement,,,,,,,,,,,4ca1082a-513b-47be-a737-8e0d8089e750,,,,,,,,,
189,Agérate,Ageratum,houstonianum,,Asteraceae,,plante annuelles,,,,,,,,,,,4ca1082a-513b-47be-a737-8e0d8089e750,,,,,,,,,
190,Bégonia à massifs,Begonia,semperflorens,,Begoniaceae,,plante annuelles,,,,,,,,,,,4ca1082a-513b-47be-a737-8e0d8089e750,,,,,,,,,
191,Impatiens de Nlle Guinée,Impatiens,hybride,,Balsaminaceae,,plante annuelles,,,,,,,,,,,4ca1082a-513b-47be-a737-8e0d8089e750,,,,,,,,,
192,Lobélie,Lobelia,erinus,,Campanulaceae,,plante annuelles,,,,,,,,,,,4ca1082a-513b-47be-a737-8e0d8089e750,,,,,,,,,
193,Géranium zonale,Pelargonium,Xhortorum,,Geraniaceae,,plante annuelles,,,,,,,,,,,4ca1082a-513b-47be-a737-8e0d8089e750,,,,,,,,,
194,Géranium lierre,Pelargonium,peltatum,,Geraniaceae,,plante annuelles,,,,,,,,,,,4ca1082a-513b-47be-a737-8e0d8089e750,,,,,,,,,
195,Pétunia,Petunia,hybride,,Solanaceae,,plante annuelles,,,,,,,,,,,4ca1082a-513b-47be-a737-8e0d8089e750,,,,,,,,,
196,Sauge rouge,Salvia,splendens,,Lamiaceae,,plante annuelles,,,,,,,,,,,4ca1082a-513b-47be-a737-8e0d8089e750,,,,,,,,,
197,Rose d’Inde,Tagetes,erecta,,Asteraceae,,plante annuelles,,,,,,,,,,,4ca1082a-513b-47be-a737-8e0d8089e750,,,,,,,,,
198,Œillet d’Inde,Tagetes,patula,,Asteraceae,,plante annuelles,,,,,,,,,,,4ca1082a-513b-47be-a737-8e0d8089e750,,,,,,,,,
199,Verveine à fleurs,Verbena,hybride,,Verbenaceae,,plante annuelles,,,,,,,,,,,4ca1082a-513b-47be-a737-8e0d8089e750,,,,,,,,,
200,Paquerette,Bellis,perennis,,Asteraceae,,plante bisannuelle,,,,,,,,,,,4ca1082a-513b-47be-a737-8e0d8089e750,,,,,,,,,
201,Souci,Calendula,officinalis,,Asteraceae,,plante bisannuelle,,,,,,,,,,,4ca1082a-513b-47be-a737-8e0d8089e750,,,,,,,,,
202,Giroflée ravenelle,Cheiranthus,cheirii,,Brassicaceae,,plante bisannuelle,,,,,,,,,,,4ca1082a-513b-47be-a737-8e0d8089e750,,,,,,,,,
203,Primevère des jardins,Primula,acaulis,,Primulaceae,,plante bisannuelle,,,,,,,,,,,4ca1082a-513b-47be-a737-8e0d8089e750,,,,,,,,,
204,Pensée,Viola,Xwitrochiana,,Violaceae,,plante bisannuelle,,,,,,,,,,,4ca1082a-513b-47be-a737-8e0d8089e750,,,,,,,,,
205,Cyclamen,Cyclamen,hybride,,Primulaceae,,plante bulbeuse,,,,,,,,,,,4ca1082a-513b-47be-a737-8e0d8089e750,,,,,,,,,
206,Jacinthe,Hyacinthus,orientalis,,Liliaceae,,plante bulbeuse,,,,,,,,,,,4ca1082a-513b-47be-a737-8e0d8089e750,,,,,,,,,
207,Muscari négligé,Muscari,neglectum,,Liliaceae,,plante bulbeuse,,,,,,,,,,,4ca1082a-513b-47be-a737-8e0d8089e750,,,,,,,,,
208,Narcisse,Narcissus,pseudonarcissus,,Amaryllidaceae,,plante bulbeuse,,,,,,,,,,,4ca1082a-513b-47be-a737-8e0d8089e750,,,,,,,,,
209,Tulbaghia,Tulbaghia,violaceae,,Liliaceae,,plante bulbeuse,,,,,,,,,,,4ca1082a-513b-47be-a737-8e0d8089e750,,,,,,,,,
210,Tulipe,Tulipa,hybride,,Liliaceae,,plante bulbeuse,,,,,,,,,,,4ca1082a-513b-47be-a737-8e0d8089e750,,,,,,,,,
211,Acanthe,Acanthus,mollis,,Acanthaceae,,plante vivace,,,,,,,,,,,4ca1082a-513b-47be-a737-8e0d8089e750,,,,,,,,,
213,Armoise,Artemisia,X Powis Castle,,Asteraceae,,plante vivace,,,,,,,,,,,4ca1082a-513b-47be-a737-8e0d8089e750,,,,,,,,,
214,Bergenia,Bergenia,cordifolia,,Saxifragaceae,,plante vivace,,,,,,,,,,,4ca1082a-513b-47be-a737-8e0d8089e750,,,,,,,,,
215,Canna,Canna,hybride,,Cannaceae,,plante vivace,,,,,,,,,,,4ca1082a-513b-47be-a737-8e0d8089e750,,,,,,,,,
216,Centranthe,Centranthus,ruber,,Valerianaceae,,plante vivace,,,,,,,,,,,4ca1082a-513b-47be-a737-8e0d8089e750,,,,,,,,,
217,Céraiste tomenteux,Cerastium,tomentosum,,Caryophyllaceae,,plante vivace,,,,,,,,,,,4ca1082a-513b-47be-a737-8e0d8089e750,,,,,,,,,
218,Cinéraire maritime,Cineraria,maritima,,Asteraceae,,plante vivace,,,,,,,,,,,4ca1082a-513b-47be-a737-8e0d8089e750,,,,,,,,,
219,Liseron bleu,Convolvulus,mauritanicus,,Convolvulaceae,,plante vivace,,,,,,,,,,,4ca1082a-513b-47be-a737-8e0d8089e750,,,,,,,,,
220,Coréopsis,Coreopsis,lanceolata,,Asteraceae,,plante vivace,,,,,,,,,,,4ca1082a-513b-47be-a737-8e0d8089e750,,,,,,,,,
221,Euphorbe characias,Euphorbia,characias,,Euphorbiaceae,,plante vivace,,,,,,,,,,,4ca1082a-513b-47be-a737-8e0d8089e750,,,,,,,,,
222,Gaura,Gaura,lindheimeri,,Oenotheraceae,,plante vivace,,,,,,,,,,,4ca1082a-513b-47be-a737-8e0d8089e750,,,,,,,,,
223,Hélianthème,Helianthemum,,,Cistaceae,,plante vivace,,,,,,,,,,,4ca1082a-513b-47be-a737-8e0d8089e750,,,,,,,,,
224,Immortelle des sables,Helichrysum,stoechas,,Asteraceae,,plante vivace,,,,,,,,,,,4ca1082a-513b-47be-a737-8e0d8089e750,,,,,,,,,
225,Hémérocalle,Hemerocallis,hybride,,Liliaceae,,plante vivace,,,,,,,,,,,4ca1082a-513b-47be-a737-8e0d8089e750,,,,,,,,,
226,Millepertuis,Hypericum,calycinum,,Hypericaceae,,plante vivace,,,,,,,,,,,4ca1082a-513b-47be-a737-8e0d8089e750,,,,,,,,,
227,Iris des jardins,Iris,germanica,,Iridaceae,,plante vivace,,,,,,,,,,,4ca1082a-513b-47be-a737-8e0d8089e750,,,,,,,,,
228,Corbeille d’argent,Iberis,,,Brassicaceae,,plante vivace,,,,,,,,,,,4ca1082a-513b-47be-a737-8e0d8089e750,,,,,,,,,
229,Kniphophia,Kniphophia,uvaria,,Liliaceae,,plante vivace,,,,,,,,,,,4ca1082a-513b-47be-a737-8e0d8089e750,,,,,,,,,
230,Belle de nuit,Mirabilis,jalapa,,Nyctagynaceae,,plante vivace,,,,,,,,,,,4ca1082a-513b-47be-a737-8e0d8089e750,,,,,,,,,
231,Nepeta,Nepeta,mussini,,Lamiaceae,,plante vivace,,,,,,,,,,,4ca1082a-513b-47be-a737-8e0d8089e750,,,,,,,,,
232,Barbe de serpent noire,Ophiopogon,planiscapus,‘Nigrescens’,Liliaceae,,plante vivace,,,,,,,,,,,4ca1082a-513b-47be-a737-8e0d8089e750,,,,,,,,,
233,Oxalis,Oxalis,rosea,,Oxalidaceae,,plante vivace,,,,,,,,,,,4ca1082a-513b-47be-a737-8e0d8089e750,,,,,,,,,
235,Germandrée,Teucrium ,chamaedrys,,Lamiaceae,,plante vivace,,,,,,,,,,,4ca1082a-513b-47be-a737-8e0d8089e750,,,,,,,,,
236,Grande Pervenche,Vinca,major,,Apocynaceae,,plante vivace,,,,,,,,,,,4ca1082a-513b-47be-a737-8e0d8089e750,,,,,,,,,
237,Petite Pervenche,Vinca,minor,,Apocynaceae,,plante vivace,,,,,,,,,,,4ca1082a-513b-47be-a737-8e0d8089e750,,,,,,,,,
238,Arum,Zantedeschia,aethiopica,,Araceae,,plante vivace,,,,,,,,,,,4ca1082a-513b-47be-a737-8e0d8089e750,,,,,,,,,
239,Fuchsia de Californie,Zauschneria,californica,,Onagraceae,,plante vivace,,,,,,,,,,,4ca1082a-513b-47be-a737-8e0d8089e750,,,,,,,,,
240,Canne de Provence,Arundo,donax,,Poaceae,,graminée,,,,,,,,,,,4ca1082a-513b-47be-a737-8e0d8089e750,,,,,,,,,
241,Fétuque bleue,Festuca,glauca,,Poaceae,,graminée,,,,,,,,,,,4ca1082a-513b-47be-a737-8e0d8089e750,,,,,,,,,
242,Herbe de la Pampa,Gynerium,argenteum,,Poaceae,,graminée,,,,,,,,,,,4ca1082a-513b-47be-a737-8e0d8089e750,,,,,,,,,
243,Roseau de Chine,Miscanthus ,sinensis,,Poaceae,,graminée,,,,,,,,,,,4ca1082a-513b-47be-a737-8e0d8089e750,,,,,,,,,
244,Pénissetum,Penissetum,villosum,,Poaceae,,graminée,,,,,,,,,,,4ca1082a-513b-47be-a737-8e0d8089e750,,,,,,,,,
245,Bambou doré,Phyllostachys,aurea,,Poaceae,,graminée,,,,,,,,,,,4ca1082a-513b-47be-a737-8e0d8089e750,,,,,,,,,
246,Cheveux d’ange,Stipa,tenuifolia,,Poaceae,,graminée,,,,,,,,,,,4ca1082a-513b-47be-a737-8e0d8089e750,,,,,,,,,
247,Agave d’Amérique,Agave,americana,,Agavaceae,,plante grasse,,,,,,,,,,,4ca1082a-513b-47be-a737-8e0d8089e750,,,,,,,,,
248,Aloes arborescente,Aloe,arborescens,,Liliaceae,,plante grasse,,,,,,,,,,,4ca1082a-513b-47be-a737-8e0d8089e750,,,,,,,,,
249,Aptenia,Aptenia,cordifolia,,Aizoaceae,,plante grasse,,,,,,,,,,,4ca1082a-513b-47be-a737-8e0d8089e750,,,,,,,,,
250,Bulbine,Bulbinella,frutescens,,Asphodelaceae,,plante grasse,,,,,,,,,,,4ca1082a-513b-47be-a737-8e0d8089e750,,,,,,,,,
251,Griffe de sorcière,Carpobrotus,acinaciformis,,Aizoaceae,,plante grasse,,,,,,,,,,,4ca1082a-513b-47be-a737-8e0d8089e750,,,,,,,,,
252,Figuier de Barbarie,Opuntia,ficus-indica,,Cactaceae,,plante grasse,,,,,,,,,,,4ca1082a-513b-47be-a737-8e0d8089e750,,,,,,,,,
253,,Sedum,,,Crassulaceae,,plante grasse,,,,,,,,,,,4ca1082a-513b-47be-a737-8e0d8089e750,,,,,,,,,
254,Azalée du Japon,Azalea,japonica,,Ericaceae,,plante de terre de bruyere,,,,,,,,,,,4ca1082a-513b-47be-a737-8e0d8089e750,,,,,,,,,
255,Camellia,Camellia,japonica,,Theaceae,,plante de terre de bruyere,,,,,,,,,,,4ca1082a-513b-47be-a737-8e0d8089e750,,,,,,,,,
256,Hortensia,Hydrangea,macrophylla,,Hydrangeaceae,,plante de terre de bruyere,,,,,,,,,,,4ca1082a-513b-47be-a737-8e0d8089e750,,,,,,,,,
257,Rhododendron,Rhododendron,hybride,,Ericaceae,,plante de terre de bruyere,,,,,,,,,,,4ca1082a-513b-47be-a737-8e0d8089e750,,,,,,,,,
258,Noisetier,Corylus,avellana,,Betulaceae,,arbre fruitier,,,,,,,,,,,4ca1082a-513b-47be-a737-8e0d8089e750,,,,,,,,,
259,Cognassier,Cydonia,oblonga,,Rosaceae,,arbre fruitier,,,,,,,,,,,4ca1082a-513b-47be-a737-8e0d8089e750,,,,,,,,,
260,Figuier ,Ficus,carica,,Moraceae,,arbre fruitier,,,,,,,,,,,4ca1082a-513b-47be-a737-8e0d8089e750,,,,,,,,,
261,Pommier ,Malus,communis,,Rosaceae,,arbre fruitier,,,,,,,,,,,4ca1082a-513b-47be-a737-8e0d8089e750,,,,,,,,,
262,Olivier,Olea,europaea,,Oleaceae,,arbre fruitier,,,,,,,,,,,4ca1082a-513b-47be-a737-8e0d8089e750,,,,,,,,,
263,Amandier,Prunus,amygdalus ,,Rosaceae,,arbre fruitier,,,,,,,,,,,4ca1082a-513b-47be-a737-8e0d8089e750,,,,,,,,,
264,Abricotier,Prunus,armeniaca,,Rosaceae,,arbre fruitier,,,,,,,,,,,4ca1082a-513b-47be-a737-8e0d8089e750,,,,,,,,,
265,Cerisier,Prunus,avium,,Rosaceae,,arbre fruitier,,,,,,,,,,,4ca1082a-513b-47be-a737-8e0d8089e750,,,,,,,,,
266,Prunier,Prunus,domestica,,Rosaceae,,arbre fruitier,,,,,,,,,,,4ca1082a-513b-47be-a737-8e0d8089e750,,,,,,,,,
267,Pécher ,Prunus,persica,,Rosaceae,,arbre fruitier,,,,,,,,,,,4ca1082a-513b-47be-a737-8e0d8089e750,,,,,,,,,
268,Poirier,Pyrus,communis,,Rosaceae,,arbre fruitier,,,,,,,,,,,4ca1082a-513b-47be-a737-8e0d8089e750,,,,,,,,,
269,Kiwi,Actinidia,sinensis,,Actinadiaceae,,plante grimpante,,,,,,,,,,,4ca1082a-513b-47be-a737-8e0d8089e750,,,,,,,,,
270,Bougainvillée,Bougainvillea,glabra,,Nyctaginaceae,,plante grimpante,,,,,,,,,,,4ca1082a-513b-47be-a737-8e0d8089e750,,,,,,,,,
271,Bignone,Campsis,radicans,,Bignoniaceae,,plante grimpante,,,,,,,,,,,4ca1082a-513b-47be-a737-8e0d8089e750,,,,,,,,,
272,Clématite,Clematis,armandii,,Ranunculaceae,,plante grimpante,,,,,,,,,,,4ca1082a-513b-47be-a737-8e0d8089e750,,,,,,,,,
273,Hardenbergia,Hardenbergia ,violaceae,,Fabaceae,,plante grimpante,,,,,,,,,,,4ca1082a-513b-47be-a737-8e0d8089e750,,,,,,,,,
274,Lierre panaché,Hedera,canariensis,‘Gloire de Marengo’,Araliaceae,,plante grimpante,,,,,,,,,,,4ca1082a-513b-47be-a737-8e0d8089e750,,,,,,,,,
275,Lierre commun,Hedera,helix,,Araliaceae,,plante grimpante,,,,,,,,,,,4ca1082a-513b-47be-a737-8e0d8089e750,,,,,,,,,
276,Jasmin jaune,Jasminum ,mesnei,,Oleaceae,,plante grimpante,,,,,,,,,,,4ca1082a-513b-47be-a737-8e0d8089e750,,,,,,,,,
277,Jasmin d’hiver,Jasminum,nudiflorum,,Oleaceae,,plante grimpante,,,,,,,,,,,4ca1082a-513b-47be-a737-8e0d8089e750,,,,,,,,,
278,Jasmin officinal,Jasminum,officinalis,,Oleaceae,,plante grimpante,,,,,,,,,,,4ca1082a-513b-47be-a737-8e0d8089e750,,,,,,,,,
279,Jasmin rosé,Jasminum,polyanthum,,Oleaceae,,plante grimpante,,,,,,,,,,,4ca1082a-513b-47be-a737-8e0d8089e750,,,,,,,,,
280,Chèvrefeuille du Japon,Lonicera,japonica,,Caprifoliaceae,,plante grimpante,,,,,,,,,,,4ca1082a-513b-47be-a737-8e0d8089e750,,,,,,,,,
281,Vigne vierge à cinq folioles,Parthenocissus,quinquefolia,,Vitaceae,,plante grimpante,,,,,,,,,,,4ca1082a-513b-47be-a737-8e0d8089e750,,,,,,,,,
282,Vigne vierge à trois lobes à grandes feuilles,Parthenocissus,tricuspidata,‘Robusta’,Vitaceae,,plante grimpante,,,,,,,,,,,4ca1082a-513b-47be-a737-8e0d8089e750,,,,,,,,,
283,Passiflore,Passiflora,coerulea,,Passifloraceae,,plante grimpante,,,,,,,,,,,4ca1082a-513b-47be-a737-8e0d8089e750,,,,,,,,,
284,Bignone rose ,Podranea ,ricasolinia,,Bignonaceae,,plante grimpante,,,,,,,,,,,4ca1082a-513b-47be-a737-8e0d8089e750,,,,,,,,,
285,Faux jasmin,Rhyncospermum,jasminoïdes,,Apocynaceae,,plante grimpante,,,,,,,,,,,4ca1082a-513b-47be-a737-8e0d8089e750,,,,,,,,,
286,Rosier de Banks,Rosa,banksia,‘Lutea’,Rosaceae,,plante grimpante,,,,,,,,,,,4ca1082a-513b-47be-a737-8e0d8089e750,,,,,,,,,
287,Solanum grimpant,Solanum,jasminoïdes,,Solanaceae,,plante grimpante,,,,,,,,,,,4ca1082a-513b-47be-a737-8e0d8089e750,,,,,,,,,
288,Glycine de Chine,Wisteria,sinensis,,Fabaceae,,plante grimpante,,,,,,,,,,,4ca1082a-513b-47be-a737-8e0d8089e750,,,,,,,,,
289,Citronnier,Citrus,limon,,Rutaceae,,agrumes,,,,,,,,,,,4ca1082a-513b-47be-a737-8e0d8089e750,,,,,,,,,
290,Oranger,Citrus,sinensis,,Rutaceae,,agrumes,,,,,,,,,,,4ca1082a-513b-47be-a737-8e0d8089e750,,,,,,,,,
291,Mandarinier,Citrus,nobilis,,Rutaceae,,agrumes,,,,,,,,,,,4ca1082a-513b-47be-a737-8e0d8089e750,,,,,,,,,
292,Clémentinier,Citrus,reticulata,,Rutaceae,,agrumes,,,,,,,,,,,4ca1082a-513b-47be-a737-8e0d8089e750,,,,,,,,,
293,Pamplemousse,Citrus,paradisi,,Rutaceae,,agrumes,,,,,,,,,,,4ca1082a-513b-47be-a737-8e0d8089e750,,,,,,,,,
294,Kumquat,Fortunella,margarita,,Rutaceae,,agrumes,,,,,,,,,,,4ca1082a-513b-47be-a737-8e0d8089e750,,,,,,,,,
295,Bigaradier,Citrus,aurantium,,Rutaceae,,agrumes,,,,,,,,,,,4ca1082a-513b-47be-a737-8e0d8089e750,,,,,,,,,
296,Ciboulette,Allium,schoenoprasum,,Liliaceae,,aromatique,,,,,,,,,,,4ca1082a-513b-47be-a737-8e0d8089e750,,,,,,,,,
297,Cerfeuil commun,Anthriscus,cerefolium,,Apiaceae,,aromatique,,,,,,,,,,,4ca1082a-513b-47be-a737-8e0d8089e750,,,,,,,,,
298,Estragon,Artemisia,dracunculus,,Asteraceae,,aromatique,,,,,,,,,,,4ca1082a-513b-47be-a737-8e0d8089e750,,,,,,,,,
299,Coriandre,Coriandrum,sativum,,Apiaceae,,aromatique,,,,,,,,,,,4ca1082a-513b-47be-a737-8e0d8089e750,,,,,,,,,
300,Fenouil commun,Foeniculum,vulgare,,Apiaceae,,aromatique,,,,,,,,,,,4ca1082a-513b-47be-a737-8e0d8089e750,,,,,,,,,
301,Lavandin,Lavandula,hybrida,,Lamiaceae,,aromatique,,,,,,,,,,,4ca1082a-513b-47be-a737-8e0d8089e750,,,,,,,,,
302,Verveine citronnelle,Lippia,citriodora,,Verbenaceae,,aromatique,,,,,,,,,,,4ca1082a-513b-47be-a737-8e0d8089e750,,,,,,,,,
303,Menthe verte,Mentha,spicata,,Lamiaceae,,aromatique,,,,,,,,,,,4ca1082a-513b-47be-a737-8e0d8089e750,,,,,,,,,
304,Basilic,Ocimum,basilicum,,Lamiceae,,aromatique,,,,,,,,,,,4ca1082a-513b-47be-a737-8e0d8089e750,,,,,,,,,
305,Persil commun,Petroselinum,crispum,Var. napolitanum,Apiaceae,,aromatique,,,,,,,,,,,4ca1082a-513b-47be-a737-8e0d8089e750,,,,,,,,,
306,Persil frisé,Petroselinum,crispum,,Apiaceae,,aromatique,,,,,,,,,,,4ca1082a-513b-47be-a737-8e0d8089e750,,,,,,,,,
307,Romarin,Rosmarinus,officinalis,,Lamiaceae,,aromatique,,,,,,,,,,,4ca1082a-513b-47be-a737-8e0d8089e750,,,,,,,,,
308,Sarriette des montagnes,Satureja,montana,,Lamiaceae,,aromatique,,,,,,,,,,,4ca1082a-513b-47be-a737-8e0d8089e750,,,,,,,,,
309,Sauge officinale,Salvia,officinalis,,Lamiaceae,,aromatique,,,,,,,,,,,4ca1082a-513b-47be-a737-8e0d8089e750,,,,,,,,,
310,Thym,Thymus,vulgaris,,Lamiaceae,,aromatique,,,,,,,,,,,4ca1082a-513b-47be-a737-8e0d8089e750,,,,,,,,,
311,Abutilon,Abutilon,Xhybridum,,Malvaceae,,arbuste et vivace mediterraneen,,,,,,,,,,,4ca1082a-513b-47be-a737-8e0d8089e750,,,,,,,,,
312,Agathea,Agathea,coelestis,,Asteraceae,,arbuste et vivace mediterraneen,,,,,,,,,,,4ca1082a-513b-47be-a737-8e0d8089e750,,,,,,,,,
313,Anthemis,Anthemis,frutescens,,Asteraceae,,arbuste et vivace mediterraneen,,,,,,,,,,,4ca1082a-513b-47be-a737-8e0d8089e750,,,,,,,,,
314,Asteriscus,Asteriscus,sericeus,,Asteraceae,,arbuste et vivace mediterraneen,,,,,,,,,,,4ca1082a-513b-47be-a737-8e0d8089e750,,,,,,,,,
315,Bidens,Bidens,ferulifolia,,Asteraceae,,arbuste et vivace mediterraneen,,,,,,,,,,,4ca1082a-513b-47be-a737-8e0d8089e750,,,,,,,,,
316,Liseron,Convolvulus,cneorum,,Convolvulaceae,,arbuste et vivace mediterraneen,,,,,,,,,,,4ca1082a-513b-47be-a737-8e0d8089e750,,,,,,,,,
317,Dimorphotheca,Dimorphotheca,sp,,Asteraceae,,arbuste et vivace mediterraneen,,,,,,,,,,,4ca1082a-513b-47be-a737-8e0d8089e750,,,,,,,,,
318,Euryops,Euryops,chrysanthemoïdes,,Asteraceae,,arbuste et vivace mediterraneen,,,,,,,,,,,4ca1082a-513b-47be-a737-8e0d8089e750,,,,,,,,,
319,Euryops pectiné,Euryops,pectinatus,,Asteraceae,,arbuste et vivace mediterraneen,,,,,,,,,,,4ca1082a-513b-47be-a737-8e0d8089e750,,,,,,,,,
320,Gazania,Gazania,hybride,,Asteraceae,,arbuste et vivace mediterraneen,,,,,,,,,,,4ca1082a-513b-47be-a737-8e0d8089e750,,,,,,,,,
321,Ficoïde,Lampranthus,spectabilis,,Aizoaceae,,arbuste et vivace mediterraneen,,,,,,,,,,,4ca1082a-513b-47be-a737-8e0d8089e750,,,,,,,,,
322,Lantana arbustif,Lantana,camara,,Verbenaceae,,arbuste et vivace mediterraneen,,,,,,,,,,,4ca1082a-513b-47be-a737-8e0d8089e750,,,,,,,,,
323,Lantana rampant,Lantana,sellowiana,,Verbenaceae,,arbuste et vivace mediterraneen,,,,,,,,,,,4ca1082a-513b-47be-a737-8e0d8089e750,,,,,,,,,
324,Plumbago du Cap,Plumbago,capensis,,Plumbaginaceae,,arbuste et vivace mediterraneen,,,,,,,,,,,4ca1082a-513b-47be-a737-8e0d8089e750,,,,,,,,,
325,Polygala,Polygala,myrtifolia,,Polygalaceae,,arbuste et vivace mediterraneen,,,,,,,,,,,4ca1082a-513b-47be-a737-8e0d8089e750,,,,,,,,,
326,Sauge du Bush,Salvia,leucantha,,Lamiaceae,,arbuste et vivace mediterraneen,,,,,,,,,,,4ca1082a-513b-47be-a737-8e0d8089e750,,,,,,,,,
327,Solanum arbustif,Solanum,rantonettii,,Solanaceae,,arbuste et vivace mediterraneen,,,,,,,,,,,4ca1082a-513b-47be-a737-8e0d8089e750,,,,,,,,,
328,Oiseau du Paradis,Strelizia,reginae,,Musaceae,,arbuste et vivace mediterraneen,,,,,,,,,,,4ca1082a-513b-47be-a737-8e0d8089e750,,,,,,,,,
329,Romarin d’Australie,Westringia,fruticosa,,Lamiaceae,,arbuste et vivace mediterraneen,,,,,,,,,,,4ca1082a-513b-47be-a737-8e0d8089e750,,,,,,,,,
330,Chiendent Pied de poule,Cynodon,dactylon,,Poaceae,,alternative aux gazons,,,,,,,,,,,4ca1082a-513b-47be-a737-8e0d8089e750,,,,,,,,,
331,Dichondra,Dichondra ,repens,,Convolvulaceae,,alternative aux gazons,,,,,,,,,,,4ca1082a-513b-47be-a737-8e0d8089e750,,,,,,,,,
332,Frankenia,Frankenia,laevis,,Frankeniaceae,,alternative aux gazons,,,,,,,,,,,4ca1082a-513b-47be-a737-8e0d8089e750,,,,,,,,,
333,Lippia,Lippia ou Phyla,nodiflora,,Verbenaceae,,alternative aux gazons,,,,,,,,,,,4ca1082a-513b-47be-a737-8e0d8089e750,,,,,,,,,
334,Faux Kikuyu,Stenotaphrum,secundatum,,Poaceae,,alternative aux gazons,,,,,,,,,,,4ca1082a-513b-47be-a737-8e0d8089e750,,,,,,,,,
335,Gazon des  Mascareignes,Zoysia,tenuifolia,,Poaceae,,alternative aux gazons,,,,,,,,,,,4ca1082a-513b-47be-a737-8e0d8089e750,,,,,,,,,
336,Caroubier,Ceratonia,siliqua,,Fabaceae,,arbre mediterraneen,,,,,,,,,,,4ca1082a-513b-47be-a737-8e0d8089e750,,,,,,,,,
337,Camphrier,Cinnamomum,camphora,,Lauraceae,,arbre mediterraneen,,,,,,,,,,,4ca1082a-513b-47be-a737-8e0d8089e750,,,,,,,,,
338,Kaki,Diospyros,kaki,,Ebenaceae,,arbre mediterraneen,,,,,,,,,,,4ca1082a-513b-47be-a737-8e0d8089e750,,,,,,,,,
339,Charme houblon,Ostrya,carpinifolia,,Betulaceae,,arbre mediterraneen,,,,,,,,,,,4ca1082a-513b-47be-a737-8e0d8089e750,,,,,,,,,
340,Jujubier,Ziziphus,jujuba,,Rhamnaceae,,arbre mediterraneen,,,,,,,,,,,4ca1082a-513b-47be-a737-8e0d8089e750,,,,,,,,,
